{
    "name": "Program",
    "fields": [
        {
            "fieldName": "name",
            "fieldType": "String",
            "fieldValidateRules": [
                "required",
                "minlength"
            ],
            "fieldValidateRulesMinlength": 2
        },
        {
            "fieldName": "startDate",
            "fieldType": "Instant",
            "fieldValidateRules": [
                "required"
            ]
        },
        {
            "fieldName": "maxStudents",
            "fieldType": "Long"
        }
    ],
    "relationships": [
        {
            "relationshipType": "many-to-many",
            "relationshipName": "course",
            "otherEntityName": "course",
            "ownerSide": false,
            "otherEntityRelationshipName": "program"
        }
    ],
    "changelogDate": "20180820160004",
    "entityTableName": "program",
    "dto": "no",
    "pagination": "no",
    "service": "no",
    "jpaMetamodelFiltering": false,
    "fluentMethods": true,
    "clientRootFolder": "",
    "applications": "*"
}