{
    "name": "Course",
    "fields": [
        {
            "fieldName": "title",
            "fieldType": "String",
            "fieldValidateRules": [
                "required"
            ]
        },
        {
            "fieldName": "description",
            "fieldType": "byte[]",
            "fieldTypeBlobContent": "text",
            "fieldValidateRules": [
                "required"
            ]
        }
    ],
    "relationships": [
        {
            "relationshipType": "many-to-many",
            "otherEntityRelationshipName": "course",
            "relationshipName": "program",
            "otherEntityName": "program",
            "otherEntityField": "name",
            "ownerSide": true
        },
        {
            "relationshipType": "many-to-many",
            "relationshipName": "enrollment",
            "otherEntityName": "enrollment",
            "ownerSide": false,
            "otherEntityRelationshipName": "course"
        }
    ],
    "changelogDate": "20180820160003",
    "entityTableName": "course",
    "dto": "no",
    "pagination": "no",
    "service": "no",
    "jpaMetamodelFiltering": false,
    "fluentMethods": true,
    "clientRootFolder": "",
    "applications": "*"
}