<?xml version="1.0" encoding="UTF-8"?>
<appsensor-client-config xmlns="https://www.owasp.org/index.php/OWASP_AppSensor_Project/xsd/appsensor_client_config_2.0.xsd">

	<server-connection type="rest">
		<server-connection-config>
			<url>http://localhost:8080/</url>
	    	<client-application-identification-header-name>X-Appsensor-Client-Application-Name2</client-application-identification-header-name>
			<client-application-identification-header-value>myclientapp</client-application-identification-header-value>
		</server-connection-config>
	</server-connection>

</appsensor-client-config>
