<?xml version="1.0" encoding="utf-8"?>
<!DOCTYPE hibernate-configuration PUBLIC
        "-//Hibernate/Hibernate Configuration DTD//EN"
        "http://www.hibernate.org/dtd/hibernate-configuration-3.0.dtd">
<hibernate-configuration>
    <session-factory>
        <property name="hibernate.dialect">org.hibernate.dialect.MySQLDialect</property>
        <property name="hibernate.connection.datasource">java:comp/env/jdbc/SQLI_DB</property>
        <property name="hibernate.current_session_context_class">thread</property>
        <property name="hibernate.id.new_generator_mappings">false</property>
        <mapping package="uk.ac.napier.soc.ssd.sql.domain"/>
        <mapping class="uk.ac.napier.soc.ssd.sql.domain.CUSTOMER"/>
    </session-factory>
</hibernate-configuration>